psa_mean_power,psa_low_high_ratio,filename,original_class,ridge_density,ridge_connectivity,ridge_entropy,ridge_noise_ratio,ridge_mean_strength,wavelet_density,wavelet_connectivity,wavelet_entropy,wavelet_noise_ratio,wavelet_mean_strength,grad_density,grad_connectivity,grad_entropy,grad_noise_ratio,grad_mean_strength,color_u_g,color_g_r,color_r_i,color_i_z
371766808.5012419,329.97364521525697,1237676302422379175.jpg,GALAXY,0.03179931640625,4,0.5615621163308682,0.9598388671875,0.1628090739250183,0.08966064453125,4,1.8744214503849483,0.865966796875,0.05096980929374695,0.111328125,20,1.97129156685707,0.80194091796875,0.11087538301944733,2.663549999999997,1.8681300000000007,1.0662599999999998,0.659950000000002
